text,label,clean_text
I love this product,1,i love this product
This item is amazing,1,this item is amazing
Great quality and performance,1,great quality and performance
Very happy with this purchase,1,very happy with this purchase
Excellent product design,1,excellent product design
Fantastic experience using this item,1,fantastic experience using this item
This works perfectly,1,this works perfectly
Very satisfied with the results,1,very satisfied with the results
Highly recommended product,1,highly recommended product
Best purchase ever,1,best purchase ever
Wonderful product quality,1,wonderful product quality
Superb performance overall,1,superb performance overall
Great value for money,1,great value for money
I really like this item,1,i really like this item
Very reliable product,1,very reliable product
Amazing quality and design,1,amazing quality and design
Very comfortable to use,1,very comfortable to use
This product exceeded expectations,1,this product exceeded expectations
Very good experience,1,very good experience
Excellent and reliable item,1,excellent and reliable item
I hate this product,0,i hate this product
This item is terrible,0,this item is terrible
Very poor quality,0,very poor quality
I am disappointed with this purchase,0,i am disappointed with this purchase
Waste of money,0,waste of money
Very bad experience,0,very bad experience
Does not work properly,0,does not work properly
Extremely poor performance,0,extremely poor performance
Not recommended product,0,not recommended product
Worst purchase ever,0,worst purchase ever
Very frustrating to use,0,very frustrating to use
Awful product quality,0,awful product quality
Completely useless item,0,completely useless item
Bad design and quality,0,bad design and quality
Very unreliable product,0,very unreliable product
The product stopped working,0,the product stopped working
This is a terrible item,0,this is a terrible item
I regret buying this product,0,i regret buying this product
Very disappointing experience,0,very disappointing experience
Poor build quality,0,poor build quality
I love the design of this item,1,i love the design of this item
This is a fantastic product,1,this is a fantastic product
Very impressive performance,1,very impressive performance
Great purchase overall,1,great purchase overall
Amazing value for the price,1,amazing value for the price
I enjoy using this product,1,i enjoy using this product
Very happy with the quality,1,very happy with the quality
Excellent results every time,1,excellent results every time
Highly satisfied customer,1,highly satisfied customer
Great and reliable product,1,great and reliable product
I dislike this product,0,i dislike this product
Very bad quality item,0,very bad quality item
Extremely disappointing purchase,0,extremely disappointing purchase
This product failed quickly,0,this product failed quickly
Very poor performance overall,0,very poor performance overall
Not worth the price,0,not worth the price
Terrible experience using it,0,terrible experience using it
I am unhappy with this purchase,0,i am unhappy with this purchase
Very cheap quality material,0,very cheap quality material
This item is useless,0,this item is useless
Worst quality ever,0,worst quality ever
Very unreliable performance,0,very unreliable performance
Bad purchase decision,0,bad purchase decision
Very negative experience overall,0,very negative experience overall
The product is defective,0,the product is defective
This is not good at all,0,this is not good at all
I love how this product works,1,i love how this product works
Excellent performance overall,1,excellent performance overall
Very useful and practical item,1,very useful and practical item
Great quality build,1,great quality build
Very smooth performance,1,very smooth performance
Amazing and reliable product,1,amazing and reliable product
Very good purchase decision,1,very good purchase decision
Excellent product design and quality,1,excellent product design and quality
Very positive experience overall,1,very positive experience overall
Really happy with the results,1,really happy with the results
Great product quality,1,great product quality
This product is horrible,0,this product is horrible
Very disappointing product quality,0,very disappointing product quality
Poor design and functionality,0,poor design and functionality
Very bad experience overall,0,very bad experience overall
This item broke quickly,0,this item broke quickly
Completely disappointed customer,0,completely disappointed customer
Very weak performance,0,very weak performance
Bad quality item overall,0,bad quality item overall
Extremely poor product design,0,extremely poor product design
Very unsatisfied customer,0,very unsatisfied customer
Awful design and usability,0,awful design and usability
Very bad purchase overall,0,very bad purchase overall
The product does not work,0,the product does not work
Very frustrating experience using it,0,very frustrating experience using it
Not a good product choice,0,not a good product choice
This is an amazing item,1,this is an amazing item
I really love this product,1,i really love this product
Excellent quality material used,1,excellent quality material used
Very good and reliable item,1,very good and reliable item
Perfect product for daily use,1,perfect product for daily use
Great and helpful item,1,great and helpful item
Amazing functionality overall,1,amazing functionality overall
Very good design quality,1,very good design quality
Highly impressed with this item,1,highly impressed with this item
Very satisfied with the purchase,1,very satisfied with the purchase
Fantastic build quality overall,1,fantastic build quality overall
Worst product quality I have seen,0,worst product quality i have seen
Very poor item quality,0,very poor item quality
Terrible and useless product,0,terrible and useless product
Bad experience using this item,0,bad experience using this item
Very low quality product design,0,very low quality product design
I hate the design of this product,0,i hate the design of this product
Very disappointing quality overall,0,very disappointing quality overall
Completely useless product design,0,completely useless product design
Very bad functionality overall,0,very bad functionality overall
Extremely poor quality item,0,extremely poor quality item
Not satisfied at all with this,0,not satisfied at all with this
Badly made product design,0,badly made product design
Very unreliable product quality,0,very unreliable product quality
Great experience overall,1,great experience overall
Very good functionality overall,1,very good functionality overall
Amazing purchase experience,1,amazing purchase experience
Very comfortable product design,1,very comfortable product design
Great and amazing item overall,1,great and amazing item overall
Highly recommended item overall,1,highly recommended item overall
Excellent quality product design,1,excellent quality product design
Very happy customer experience,1,very happy customer experience
This product is great overall,1,this product is great overall
Amazing experience using it,1,amazing experience using it
Great and impressive performance,1,great and impressive performance
Very positive feedback overall,1,very positive feedback overall
Excellent service and quality,1,excellent service and quality
Worst experience ever with a product,0,worst experience ever with a product
Very negative purchase experience,0,very negative purchase experience
Terrible product quality overall,0,terrible product quality overall
Very poor design and usability,0,very poor design and usability
Extremely disappointing product,0,extremely disappointing product
Bad product performance overall,0,bad product performance overall
Completely bad item quality,0,completely bad item quality
Very frustrating product experience,0,very frustrating product experience
Very bad reliability overall,0,very bad reliability overall
Poor quality design overall,0,poor quality design overall
Worst design ever seen,0,worst design ever seen
